[
  {
    "id": 1,
    "address": "1st cross,Gandhipuram",
    "email": "david@gmail.com",
    "mobile_number": "9897656787",
    "name": "David",
    "password": "david",
    "username": "David",
    "role_id": 3,
    "roleno": "Arts 01"
  },
  {
    "id": 2,
    "address": "1st street,Peelamedu",
    "email": "clay@gmail.com",
    "mobile_number": "9897656734",
    "name": "Clay",
    "password": "clay",
    "username": "Clay",
    "role_id": 3,
    "roleno": "Arts 02"
  },
  {
    "id": 3,
    "address": "2nd cross,Gandhipuram",
    "email": "peter@gmail.com",
    "mobile_number": "9889656787",
    "name": "Peter",
    "password": "peter",
    "username": "Peter",
    "roleno": "Arts 03",
    "role_id": 3
  },
  {
    "id": 4,
    "address": "Race Course",
    "email": "jecy@gmail.com",
    "mobile_number": "9897656711",
    "name": "Jacy",
    "password": "jacy",
    "username": "Jacy",
    "role_id": 3,
    "roleno": "Arts 04"
  },
  {
    "id": 5,
    "address": "Ganapaty",
    "email": "lena@gmail.com",
    "mobile_number": "9891116787",
    "name": "Lena",
    "password": "lena",
    "username": "Lena",
    "role_id": 3,
    "roleno": "Arts 05"
  },
  {
    "id": 6,
    "address": "Rs Puram",
    "email": "sophie@gmail.com",
    "mobile_number": "9897656722",
    "name": "Sophie",
    "password": "sophie",
    "username": "Sophie",
    "role_id": 3,
    "roleno": "Arts 06"
  }
]